{
  "Home": "الرئيسية",
  "Shop": "المتجر",
  "About": "حول",
  "Contact": "اتصل",
  "Hi": "مرحبًا",
  "Cara": "Cara",
  "SALMA": "سلمي",
  "MARIAM": "مريم",
  "SARAH": "سارة",
  "HOSSAM": "حسام",
  "MOHMOUD": "محمود",
  "Trade-in offer": "عرض للتبادل",
  "Super Value deals": "عروض قيمة فائقة",
  "On all products": "على جميع المنتجات",
  "Save more width coupons & up to 70% off!": "وفر المزيد مع القسائم وحتى 70% خصم!",
  "Shop Now": "تسوق الآن",
  "Featured Products": "المنتجات المميزة",
  "Summer Collection New Modern Design": "مجموعة الصيف - تصميم حديث جديد",
  "New Arrivals": "المنتجات الجديدة",
  "Sellers": "البائعين",
  "Customers": "العملاء",
  "Orders": "الطلبات",
  "Sign Up For Newsletter": "اشترك في النشرة الإخبارية",
  "Get E-mail updates about our latest shop and": "احصل على تحديثات البريد الإلكتروني حول متجرنا الأخير و",
  "special offers.": "العروض الخاصة",
  "Address": "العنوان",
  "El-Hosary, 6th of October, Giza": "الحصري، السادس من أكتوبر، الجيزة",
  "Phone": "الهاتف",
  "+01 2222 365 / (+91) 01 2345 6789": "+01 2222 365 / (+91) 01 2345 6789",
  "Hours": "ساعات العمل",
  "10:00 - 18:00, Mon - Sat": "10:00 - 18:00، الاثنين - السبت",
  "Follow us": "تابعنا",
  "About us": "معلومات عنا",
  "Delivery Information": "معلومات التوصيل",
  "Privacy Policy": "سياسة الخصوصية",
  "Terms & Conditions": "الشروط والأحكام",
  "Contact us": "اتصل بنا",
  "My Account": "حسابي",
  "Sign in": "تسجيل الدخول",
  "View Cart": "عرض السلة",
  "My Wishlist": "قائمة رغباتي",
  "Track My Order": "تتبع طلبي",
  "Help": "المساعدة",
  "Install App": "تثبيت التطبيق",
  "From App Store or Google Play": "من متجر التطبيقات أو جوجل بلاي",
  "Secured Payment Gateways": "بوابات الدفع المؤمنة",
  "New user": "مستخدم جديد",
  "Favourite": "المفضلة",
  "Profile": "الملف الشخصي",
  "Sign up": "التسجيل",
  "Logout": "تسجيل خروج",
  "Your email address": "بريدك الالكتروني",
  "Dashboard": "لوحة البيانات"
}
