{
  "Home": "Home",
  "Shop": "Shop",
  "About": "About",
  "Contact": "Contact",
  "Hi": "Hi",
  "Trade-in offer": "Trade-in offer",
  "Super Value deals": "Super Value deals",
  "On all products": "On all products",
  "Save more width coupons & up to 70% off!": "Save more with coupons & get up to 70% off!",
  "Shop Now": "Shop Now",
  "Featured Products": "Featured Products",
  "Summer Collection New Modern Design": "Summer Collection - New Modern Design",
  "New Arrivals": "New Arrivals",
  "Sellers": "Sellers",
  "Customers": "Customers",
  "Orders": "Orders",
  "Sign Up For Newsletter": "Sign Up For Newsletter",
  "Get E-mail updates about our latest shop and": "Get E-mail updates about our latest shop and",
  "special offers.": "special offers.",
  "Address": "Address",
  "El-Hosary, 6th of October, Giza": "El-Hosary, 6th of October, Giza",
  "Phone": "Phone",
  "+01 2222 365 / (+91) 01 2345 6789": "+01 2222 365 / (+91) 01 2345 6789",
  "Hours": "Hours",
  "10:00 - 18:00, Mon - Sat": "10:00 - 18:00, Mon - Sat",
  "Follow us": "Follow us",
  "About us": "About us",
  "Delivery Information": "Delivery Information",
  "Privacy Policy": "Privacy Policy",
  "Terms & Conditions": "Terms & Conditions",
  "Contact us": "Contact us",
  "My Account": "My Account",
  "Sign in": "Sign in",
  "View Cart": "View Cart",
  "My Wishlist": "My Wishlist",
  "Track My Order": "Track My Order",
  "Help": "Help",
  "Install App": "Install App",
  "From App Store or Google Play": "From App Store or Google Play",
  "Secured Payment Gateways": "Secured Payment Gateways",
  "New user": "New user",
  "Favourite": "Favourite",
  "Profile": "Profile",
  "Sign up": "Sign up",
  "Logout": "Logout",
  "Your email address": "Your email address",
  "Dashboard": "Dashboard"
}
